1383,1844,1941,3212,5061,4377,1483,3646,4573,5190,1580,464,2536,3165,593,1396,1783,4490,1439,3100,3969,2023,3076,3372,5384,4824,2528,335,2527,4170,798,1071,3174,5300,4283,2834,4276,2926,3640,3449,5276,5221,1073,4972,2985,1666,968,1928,3316,4968,2189,1884,1590,5265,2417,4134,1848,4945,4469,4376,3714,2427,46,1487,2326,1489,1481,1202,1575,5121,1811,4011,2101,2884,3582,2247,1711,4550,1335,2187,4118,3524,1232,2868,548,3649,1602,4958,3193,3231,3933,4067,258,1139,2714,5145,5189,4195,946,3924,
1075,5318,2534,3177,5363,715,23,4234,2426,3919,1020,1143,4604,2252,1171,5152,3061,5334,4709,3414,401,2080,583,4101,4794,327,3889,748,3835,2412,1824,912,2106,2161,3435,2822,4745,2268,5248,3263,449,3551,2466,5262,4722,4779,2923,4656,1247,936,4981,4210,3017,2724,2910,4971,211,3960,2880,4046,3532,4704,2119,238,4025,153,220,3369,2422,2628,3792,2871,778,858,2732,2660,2797,2815,4476,4044,3752,1216,13,3929,1100,2924,659,1312,3539,2518,2175,2842,4637,2413,1466,4791,5194,1995,4373,2421,
387,4404,359,3806,4296,180,2406,2623,3033,2420,1151,4133,2504,1810,2605,1147,2510,5124,3322,5352,1520,2896,3979,3471,2689,3134,2443,5111,3521,4007,69,4487,2903,249,2849,1774,2066,5256,1557,2259,4836,5269,3552,1939,1678,757,3086,1348,3041,3568,1300,4561,1063,2439,2632,3753,2733,2235,3463,3415,842,692,2501,905,3503,5351,5240,2729,2366,2148,1801,1264,299,3740,102,3617,3986,1451,1257,2153,5312,418,3217,4911,3050,4130,2243,5285,4753,257,3287,44,5320,4192,707,5270,1191,596,2587,2744,
1196,3851,3044,4936,3954,1260,681,2565,2476,96,650,1986,306,4780,4229,2751,1292,1647,638,1337,1566,1990,4605,1435,3182,5202,830,368,2545,2026,1380,2749,4122,2494,4010,4803,5059,3688,4797,2134,944,2608,1280,1250,4548,2669,4001,440,4316,1799,1777,481,3790,3542,4477,4132,3343,2467,4500,488,1653,3040,397,374,133,4407,2337,5192,5255,1734,4486,4342,365,2048,649,3035,3210,1089,1950,5009,26,4993,3398,3569,1229,2129,1511,3697,4560,5350,1429,2885,4124,1124,5222,3915,3540,4116,161,4338,
217,526,3547,867,721,1356,1956,5233,964,1983,4825,1523,151,653,812,4223,1510,1762,543,1460,352,2661,4345,3785,1326,150,1924,2603,311,3423,2820,3399,1569,847,4120,85,2804,3952,3610,1947,536,5133,4659,3751,3106,3481,5261,4868,1184,3881,2380,3845,5386,1455,2230,1606,1314,4478,4737,3895,3466,1903,3757,1867,4869,1761,3814,2566,4054,3072,916,1759,3713,3337,3788,2058,1818,767,502,1803,2223,275,989,1207,1350,66,5104,1170,4309,3460,4721,775,2928,1081,1749,93,5136,1981,3570,4055,
2854,1507,2442,4912,485,370,14,4849,2593,5307,2285,742,1113,3635,4218,3201,5388,2109,1131,1868,1220,110,1793,3874,3774,2044,1060,1228,711,663,739,1033,753,3205,786,3221,89,1528,4334,885,2057,4086,5130,2859,3356,3421,4728,3400,4838,1843,727,4880,63,4516,190,1107,4320,3169,4312,2266,1562,954,2484,2447,3012,5356,3693,2741,1648,4703,2209,4140,4563,5399,3143,5290,2038,366,4406,2228,3654,1421,495,5134,1750,4807,2000,2740,3529,114,2384,3136,3126,2339,3990,3027,2314,237,949,1616,
5007,3233,2916,4169,3219,1219,3586,2785,4657,4400,4206,1293,555,1718,453,455,2408,568,5400,143,854,3882,4653,1531,1991,3430,3698,5224,945,214,4165,846,2643,3631,4460,1070,4997,1371,2363,2712,2817,3168,2657,3385,5362,1399,2666,1254,5281,4480,5346,4432,2509,3644,1415,614,3271,1629,1277,1432,1449,4908,491,2519,1664,1862,4883,2112,4860,4769,4,5032,1890,1403,4858,3145,1097,250,2876,3606,3894,1452,1381,4325,3081,3320,201,1674,4770,2269,2165,4449,4028,1091,3300,550,1933,5229,3115,1564,
1719,4519,3583,2024,2963,4680,2274,2999,3329,4451,1427,4814,4693,1907,5016,966,1276,3131,325,2978,4319,3977,3047,4528,2140,4608,2242,865,3487,3921,4448,887,1643,3494,33,693,2081,4848,3989,1623,3512,667,1243,2750,3645,2722,1327,3852,3015,592,3869,1457,1955,938,3065,4626,4982,1330,2046,1364,4479,4127,1624,2715,4995,5137,5141,5051,3628,3422,3538,2079,2683,1152,5232,730,3849,1668,4074,2331,3810,5187,822,2195,4393,4747,3834,279,2718,2618,2995,4873,4915,5296,2294,521,3637,244,5162,919,
2071,4687,3163,3515,1836,1829,1925,4183,2651,3175,1997,5114,3455,4715,4892,1347,3505,801,4621,210,1323,2857,454,937,4412,2958,168,720,2505,4374,5118,3459,3900,4145,4739,1675,741,1612,2290,2616,1103,499,3963,109,4004,1891,1374,408,1908,4390,4053,2845,561,4171,3013,1419,2679,2953,1769,4173,1011,2829,2918,349,3659,4522,3436,2786,4453,4559,2895,216,1083,1946,4152,1491,3855,3141,2704,1299,862,1475,1473,4842,3527,2395,3406,441,1549,1261,37,4697,2823,4556,1015,2879,4772,2099,3523,3590,
439,3824,1739,1846,4930,372,1288,3056,4524,843,111,4249,5396,2210,2325,1544,631,4924,2488,4907,3363,4946,2734,4371,3418,952,4810,4402,3709,848,1096,4081,364,139,1423,2133,1548,1418,4343,1034,123,4974,557,4331,4622,2293,5010,86,1140,2765,3599,3110,1767,5166,3980,5176,861,1632,2173,185,4332,756,2318,4735,3821,554,4631,1855,3241,5060,28,5146,2793,3344,2595,1720,269,1174,1495,1130,995,3127,463,3741,4619,1639,932,2572,2193,4529,1361,4188,363,3950,1094,5249,1343,1598,3063,3618,
158,1773,2006,3183,2674,1225,492,3484,4677,4692,4416,4410,4045,2530,3173,3478,1051,4521,1001,5002,849,1813,1167,841,4071,2886,999,3004,4893,4182,277,3278,344,3330,5021,2621,376,1190,1265,3720,4438,5315,1932,718,3477,1533,933,1486,5038,2746,3365,3587,3170,851,1746,773,2904,528,3611,781,3433,1540,213,1321,2239,1404,2586,1515,2284,4184,3991,4216,4903,2067,348,2996,713,2546,341,2653,511,1088,422,3923,5395,3987,3083,1967,1115,668,1230,3890,629,2454,1736,2145,4738,3080,3296,3554,
5143,2523,1062,2738,3236,769,239,3841,3888,911,3883,1828,3510,1565,955,5242,3828,3731,3334,4457,784,3762,2682,5310,835,5053,1340,4459,2390,4577,2388,5191,2225,828,3678,296,3191,2160,2124,3861,3726,1058,1863,4458,5197,3663,2402,2025,5084,4497,1309,4744,4699,859,1080,1686,3305,2514,4328,3602,2865,1087,1325,1973,4944,2700,4990,1589,4318,5252,1319,1133,4437,3564,2790,5280,3804,4099,3102,2863,1948,207,1622,4535,1529,2782,2972,4756,4702,2515,2055,4291,973,4853,1691,152,176,4481,2592,339,
4375,4242,5297,4398,789,2664,5165,2411,4359,4058,1741,30,4190,4732,3865,783,5129,1341,3405,458,3032,3557,634,4673,3309,1775,5012,2283,616,2068,1406,1893,3605,977,4620,2196,4650,985,1142,4851,3721,3266,5144,5184,3458,460,5291,3769,2062,5370,1290,1652,1375,5258,4914,4035,1709,3787,4636,2029,1865,2956,1114,765,2281,508,2065,4998,969,5044,4888,1898,4397,4110,4366,1362,2902,3780,4976,4378,17,2764,904,3699,1999,2725,2115,3490,2747,1158,782,4905,2127,425,1552,1186,4822,261,896,947,
260,2258,603,3199,584,3216,4429,2345,2728,1504,4213,2613,780,2580,702,5327,1860,3119,1148,704,3543,2334,2686,390,3633,1224,5209,4643,4389,3007,5227,4256,913,2102,4144,4979,3475,358,654,2695,3639,2974,5132,434,1441,963,1398,1831,4596,4201,998,4172,1807,825,2241,814,1892,3545,392,5368,4901,750,621,1279,605,923,4918,3579,1465,1856,3650,2906,2819,5048,4575,698,173,762,3559,2295,399,1477,1104,1869,1315,5180,4444,384,19,1121,3235,2979,1484,3692,2132,283,2409,2305,1045,2074,
3024,1708,1530,345,2878,1687,4775,1353,4852,4554,2098,469,2177,864,1923,799,2348,4576,3200,886,489,3483,5355,1689,4060,722,903,4098,2410,2838,50,4422,1992,77,2254,4177,2431,3901,513,3349,1701,2344,3513,4033,1545,3652,4591,2654,1462,3945,2652,1512,2966,1804,2011,203,3055,2701,2457,1693,3795,4278,2755,4308,2226,4456,2867,1882,3898,587,2149,4344,3352,3684,4158,1974,1409,3486,2355,3214,2658,2558,868,5359,2176,4212,570,1592,979,1363,1742,3948,4335,1695,4571,438,2208,604,4829,1758,
3818,2086,1476,576,1382,3314,3420,4293,5046,2816,1387,5238,2882,4408,2535,3878,280,3306,3022,5392,1659,3105,1756,5311,2265,3854,2739,4196,1873,1631,1002,1958,4950,3151,4285,2432,3479,452,2912,4874,2588,1651,738,4957,920,4126,2108,5140,1830,1024,1256,3078,3504,3995,4434,2537,226,35,1656,1834,4986,3279,4578,2089,3220,2031,2144,4149,1744,870,3417,1116,1797,5112,2498,3749,2557,4771,2511,1760,2983,625,1037,5014,4289,632,1211,4340,1072,541,409,2188,4767,3533,4442,1172,3730,2419,4607,3493,
2680,967,2004,3249,2194,4906,2826,717,3111,4350,2758,5299,4315,367,3632,1964,5303,1961,4383,4510,2614,1663,2637,4969,4323,1306,2869,4584,3140,1009,1391,680,4392,509,3224,876,407,5188,3339,4929,1331,2142,154,2245,2991,4250,1205,5353,4536,2019,3683,5230,4221,5155,1240,3130,263,577,953,3700,984,3302,1638,4633,3808,5216,4787,652,4230,1859,4217,34,4372,3095,496,284,1877,38,635,2862,1212,3121,1161,2197,1022,5360,5271,3767,5086,4762,2213,3591,3439,1029,785,4125,3077,734,1282,2611,
1395,1342,2607,2499,5064,5024,4395,656,1241,2130,3454,768,4484,1553,2299,5377,1366,2649,1490,3042,1129,5033,4640,4696,4617,5321,1479,771,2030,2012,3154,1320,3922,4050,1710,2635,948,2078,2001,3485,3444,3916,3253,1558,1543,4267,1175,1518,2939,470,3295,3239,910,2460,4833,3670,4628,1779,4253,5264,940,2503,1413,3930,3357,47,895,3059,503,915,1730,4072,1574,4039,417,3623,4592,2841,240,312,3781,5376,1524,3905,3957,4112,1615,2927,1099,3345,4159,74,901,4777,108,2475,4878,437,3832,3833,
500,5062,2214,611,5037,2813,3541,1369,3407,4654,3382,4899,3429,3469,597,5006,4009,3129,4382,4117,754,362,2551,4381,4076,3755,1168,5098,4365,1208,2393,1805,927,3971,3665,2952,1028,5069,4128,1390,1102,4598,475,112,265,4885,1407,3117,3778,274,4647,3291,1201,5183,1861,3298,607,1270,4197,1642,5398,4324,3729,3544,2170,2111,308,3446,1246,1313,493,2836,3626,2539,199,2240,1841,3807,4987,860,5367,209,2136,4240,2935,5005,3411,2542,4421,3904,4306,3662,2531,4505,4611,1344,177,3491,5153,884,
4870,697,3492,3096,4333,1106,3353,2171,3232,5087,2416,2336,2138,4187,840,1030,4364,2172,4439,3227,3528,3198,1084,1619,4717,1875,809,142,433,4163,2989,377,2705,5236,5354,2201,3003,1692,4431,3118,4272,4818,2069,25,2379,4462,1929,3188,1764,2362,4511,1237,2347,4562,461,3286,5196,29,307,4114,1218,1027,566,361,333,4686,2367,4635,4185,1874,3796,1808,793,4258,2437,2143,2267,5027,5335,1571,4180,4048,2508,3754,2934,2397,3190,268,3742,4065,149,3018,2922,54,2049,5082,1806,3377,4203,3384,
487,4241,2648,5113,746,3576,3764,445,3942,2322,227,3997,1707,2276,838,3014,4051,997,1698,538,696,4572,346,2969,1568,3817,875,3522,5078,602,1424,4544,3333,5040,3978,313,3386,5150,3222,3641,1238,1497,3827,4466,4538,2502,1921,1077,2564,4227,2697,4960,3010,106,4418,1694,1754,4167,4916,2556,135,1422,2781,4493,1493,170,2429,4057,1714,3705,2944,4411,424,3209,4581,530,874,4846,3553,389,853,231,873,2567,3584,1501,983,5298,3927,1468,2791,648,1122,1522,4676,4472,4488,5394,5017,2302,
1583,2955,1815,3829,1953,1301,4520,4100,2803,103,2329,2626,5120,3275,4049,2688,3324,4337,477,645,3884,2229,4193,4297,5182,297,2353,4940,2716,4683,816,4865,5349,4008,4347,1469,836,2642,4016,2636,99,1005,2073,1657,519,4036,2848,3906,1620,4854,4729,476,1069,3873,3695,3996,309,3597,776,2382,2414,3856,1155,817,3218,2583,4742,4155,4750,202,3530,2216,18,4655,4726,4040,872,5206,3811,1181,3402,4588,724,2976,4440,1021,2257,1266,115,2582,2272,2403,2962,5094,1252,2980,1508,578,993,1809,
5067,1443,228,3394,5314,1888,3155,4498,4847,2897,2324,4471,685,4290,2624,2238,2387,2486,4713,4942,4225,2381,2218,4856,1794,4949,51,2445,3982,72,1704,4667,2378,1654,3974,4809,447,3282,1677,5389,2455,674,2438,4861,958,2490,253,563,3370,68,3704,2824,2568,5341,1365,2630,4749,1536,373,225,1896,4153,4827,4090,1447,1700,2839,1725,5054,3284,2617,2949,1521,4467,2977,4257,3152,1904,3994,5339,3784,4200,1311,1310,689,3244,4595,2190,5092,871,4992,4644,661,92,1414,744,295,1735,4806,534,
1210,2631,1899,4386,4042,3736,894,3046,2856,2775,804,2162,323,1397,2072,292,821,826,4951,1517,1105,3074,347,3431,2280,5000,2297,4391,1153,796,5195,3315,3680,188,351,1604,2425,2992,5103,507,2708,5246,5001,2919,2915,2360,5076,3831,4066,2970,1787,3860,5319,2812,2083,5286,1454,393,4162,922,318,5239,1093,2113,4495,2085,4625,1032,1798,2670,4672,4270,191,642,1206,164,4085,1705,2602,236,3896,4661,4758,1092,3262,2174,2319,3604,83,2244,2070,3451,935,3213,5089,556,2659,2341,2892,1012,
3685,2250,2104,1547,1584,4423,1667,4953,252,4695,1188,5074,1902,5,4501,581,3800,45,2627,4834,2696,2179,2343,1297,319,961,549,2762,4630,2561,3424,3142,2251,5308,3211,3531,2965,1716,5178,1825,2120,282,2719,1425,4922,3464,3215,3499,3799,2575,3872,879,4574,5337,542,4857,4910,5079,4790,371,90,3850,2453,62,1239,4284,4507,691,4243,204,1911,1085,3358,2894,1136,5117,5361,3972,2584,5212,1463,1690,788,532,2075,4414,474,2372,4817,2644,429,65,2158,4823,1322,3887,1699,2529,3848,271,
5109,1031,3732,5282,305,1680,2975,987,2684,939,525,3238,3360,589,4666,965,1532,3797,3801,3675,1039,972,501,2022,3185,310,2446,324,3396,679,2948,630,3192,4427,3867,3970,2875,1753,881,4624,3328,3943,2620,459,3137,2964,684,3595,3437,3647,823,302,1649,2538,3026,3961,4420,130,3374,1984,1671,1157,505,1438,3085,807,5018,1601,4886,3823,2037,3560,4725,1722,4540,1845,1372,21,2685,330,4348,205,4678,4804,3876,2936,4031,3204,245,3187,2198,2625,4757,2219,2041,4043,1503,4387,3011,1752,
380,4589,1273,4748,272,1849,3079,267,3472,3257,2752,2709,1233,890,3456,2780,4523,3627,4532,640,857,3643,1585,39,4840,5357,4966,4783,703,131,2656,3272,3146,1498,2278,5011,5154,2522,3756,2562,3480,902,514,88,3594,4336,3601,5100,3039,4399,4549,1169,575,4925,1945,5131,2103,3103,2002,2756,806,3710,3410,4606,914,4645,737,2377,2678,4174,415,1065,3488,2827,2650,2945,3179,6,3053,3985,4259,2831,4799,5208,1887,1586,2045,3438,4691,2469,3614,456,2559,3765,2368,4492,281,3153,3113,2137,
80,2909,957,2091,3706,432,4503,3045,4959,4417,5253,1717,1014,1881,3558,4021,3148,2493,1110,5397,4103,3903,3779,1267,2320,4733,5015,2298,2114,1541,1377,3297,4921,2947,2227,1766,729,3207,144,2687,2020,1912,1478,340,2982,192,1067,3281,3907,5160,3064,3496,2676,1563,1560,3392,4671,2456,1655,2289,1420,4585,1603,5231,3094,2543,4863,4675,676,2864,4068,2883,1625,5266,97,4198,3506,3311,3509,3090,5215,4877,1628,1445,3853,140,1800,411,3307,4609,2585,3973,5080,3666,1339,4164,1303,2059,498,2851,
1579,2327,1646,4934,2835,2052,3912,129,36,1729,2802,1198,4352,1838,254,3983,1537,1417,2489,3336,2873,4664,4602,3326,4565,2277,2392,4075,1889,5358,3245,3694,1298,2271,3534,4760,3250,3331,3748,723,5156,4062,5325,1951,1987,3946,3634,1812,4351,1359,2199,599,428,1732,5186,1173,466,2597,779,4506,2591,2450,1248,291,2550,2317,2371,3149,2745,3051,1499,1977,3846,3150,4896,2907,2061,4579,743,2496,827,975,3378,506,3687,2612,1685,402,3243,5217,3225,3120,2881,3679,3947,4485,2772,1894,3006,4419,
5034,2778,600,3880,3556,5333,2220,2622,3025,5245,1738,3156,472,527,1982,5099,2087,1786,3578,243,4279,2473,3020,5309,163,4295,3909,3516,4887,4701,1086,2526,736,4019,4798,2292,747,328,4238,1554,5301,660,1079,1778,322,1502,2560,899,1633,962,3609,276,2039,4614,3879,3465,4632,2288,4208,2449,4353,1367,3348,3147,4233,4157,2807,1706,219,585,1993,1192,406,4813,420,3062,2212,1019,3622,1570,4610,3526,2286,3409,3097,3682,4455,5122,4464,5175,3397,2262,255,5102,4219,1713,3719,4712,2131,4413,
